ADD_BADGE|/Application|identification_0_txx6n1ozxn|01/01/2021|true|
ADD_BADGE|/Application|identification_0_74wtveo64q|01/01/2021|false|
ADD_BADGE|/Application|identification_0_6ad9hb17ld|01/01/2021|true|
ADD_BADGE|/Application|identification_0_8iqta1ht7f|01/01/2021|false|
ADD_BADGE|/Application|identification_0_4yvi6ze4b9|01/01/2021|true|
ADD_BADGE|/Application|identification_0_frojbamnde|01/01/2021|true|
ADD_BADGE|/Application|identification_0_8ste2zbng6|01/01/2021|true|
ADD_BADGE|/Application|identification_0_1gaygz37lf|01/01/2021|false|
ADD_BADGE|/Application|identification_0_4yfymdh3bo|01/01/2021|true|
ADD_BADGE|/Application|identification_0_khxs8z54b1|01/01/2021|false|
ADD_BADGE|/Application|identification_0_a7ql5dxpfq|01/01/2021|false|
ADD_BADGE|/Application|identification_0_x5l4z27mcg|01/01/2021|true|
ADD_BADGE|/Application|identification_0_xstk9mx3ey|01/01/2021|true|
ADD_BADGE|/Application|identification_0_n3yhcouw6n|01/01/2021|true|
ADD_BADGE|/Application|identification_0_c5djk7l793|01/01/2021|false|
ADD_BADGE|/Application|identification_0_rvexwz48ut|01/01/2021|false|
ADD_BADGE|/Application|identification_0_ymf09wkn57|01/01/2021|true|
ADD_BADGE|/Application|identification_0_7js1jq8ec0|01/01/2021|false|
ADD_BADGE|/Application|identification_0_bsasng4ios|01/01/2021|true|
ADD_BADGE|/Application|identification_0_m0ckkf3hy7|01/01/2021|false|
ADD_BADGE|/Application|identification_0_lfbs5yb0be|01/01/2021|true|
ADD_BADGE|/Application|identification_0_zhnrcuh2cs|01/01/2021|true|
ADD_BADGE|/Application|identification_0_lvykt9ihk3|01/01/2021|false|
ADD_BADGE|/Application|identification_0_4emtjvli4|01/01/2021|true|
ADD_BADGE|/Application|identification_0_d24zgd26s5|01/01/2021|false|
ADD_BADGE|/Application|identification_0_2l4y4oojj4|01/01/2021|true|
ADD_BADGE|/Application|identification_0_90vpn5id6q|01/01/2021|true|
ADD_BADGE|/Application|identification_0_ysrffo7d6c|01/01/2021|false|
ADD_BADGE|/Application|identification_0_54603yymxs|01/01/2021|false|
ADD_BADGE|/Application|identification_0_ue565lbnrx|01/01/2021|true|
ADD_BADGE|/Application|identification_0_hs9eqiqltm|01/01/2021|false|
ADD_BADGE|/Application|identification_0_mnrjwmbd92|01/01/2021|true|
ADD_BADGE|/Application|identification_0_4660a5xxz0|01/01/2021|false|
ADD_BADGE|/Application|identification_0_dv5zngn8rl|01/01/2021|false|
ADD_BADGE|/Application|identification_0_ocr5i3j9pk|01/01/2021|false|
ADD_BADGE|/Application|identification_0_hronfcwg6t|01/01/2021|false|
ADD_BADGE|/Application|identification_0_pwhkrxngl4|01/01/2021|true|
ADD_BADGE|/Application|identification_0_ea2cmjqcy9|01/01/2021|false|
ADD_BADGE|/Application|identification_0_ptgj43t0e2|01/01/2021|true|
ADD_BADGE|/Application|identification_0_gcw8avdf3d|01/01/2021|true|
ADD_BADGE|/Application|identification_0_pt5ya9z7x0|01/01/2021|true|
ADD_BADGE|/Application|identification_0_4h73l3o897|01/01/2021|false|
ADD_BADGE|/Application|identification_0_so555z5ni7|01/01/2021|false|
ADD_BADGE|/Application|identification_0_9mlo4oimut|01/01/2021|true|
ADD_BADGE|/Application|identification_0_z6n24l1ztq|01/01/2021|false|
ADD_BADGE|/Application|identification_0_9p3k6eoexj|01/01/2021|true|
ADD_BADGE|/Application|identification_0_2lettfjpxk|01/01/2021|false|
ADD_BADGE|/Application|identification_0_copetptlgu|01/01/2021|true|
ADD_BADGE|/Application|identification_0_o2ch9sf4ax|01/01/2021|false|
ADD_BADGE|/Application|identification_0_s53t7r0zpc|01/01/2021|false|
ADD_BADGE|/Application|identification_0_k28fpfot5m|01/01/2021|false|
ADD_BADGE|/Application|identification_0_cyu0fowot5|01/01/2021|false|
ADD_BADGE|/Application|identification_0_f58wigas9c|01/01/2021|false|
ADD_BADGE|/Application|identification_0_znnbv0gfwb|01/01/2021|true|
ADD_BADGE|/Application|identification_0_dme3477472|01/01/2021|true|
ADD_BADGE|/Application|identification_0_vhtzg4zjd1|01/01/2021|true|
ADD_BADGE|/Application|identification_0_ys78fuoitc|01/01/2021|false|
ADD_BADGE|/Application|identification_0_kk7ig744cn|01/01/2021|true|
ADD_BADGE|/Application|identification_0_eqikg5ncuz|01/01/2021|false|
ADD_BADGE|/Application|identification_0_ak60grx93v|01/01/2021|true|
ADD_BADGE|/Application|identification_0_glsa4mhspd|01/01/2021|false|
ADD_BADGE|/Application|identification_0_jq6ni8p8xt|01/01/2021|true|
ADD_BADGE|/Application|identification_0_hj05yen1x8|01/01/2021|true|
ADD_BADGE|/Application|identification_0_ag982h3nwi|01/01/2021|false|
ADD_BADGE|/Application|identification_0_hdwyocxdh1|01/01/2021|true|
ADD_BADGE|/Application|identification_0_rw8kgbmsh4|01/01/2021|false|
ADD_BADGE|/Application|identification_0_hoax4bk6za|01/01/2021|true|
ADD_BADGE|/Application|identification_0_mrwosysywc|01/01/2021|false|
ADD_BADGE|/Application|identification_0_dl8k5zdo14|01/01/2021|true|
ADD_BADGE|/Application|identification_0_26kgbw2dse|01/01/2021|false|
ADD_BADGE|/Application|identification_0_34luv3qwqt|01/01/2021|true|
ADD_BADGE|/Application|identification_0_f0ko9l4zjo|01/01/2021|true|
ADD_BADGE|/Application|identification_0_3k4cywxuck|01/01/2021|false|
ADD_BADGE|/Application|identification_0_3avzd1o09d|01/01/2021|false|
ADD_BADGE|/Application|identification_0_6vwbne0a0l|01/01/2021|true|
ADD_BADGE|/Application|identification_0_munffls7rn|01/01/2021|true|
ADD_BADGE|/Application|identification_0_ow9x05tflh|01/01/2021|true|
ADD_BADGE|/Application|identification_0_31bqlwyyo0|01/01/2021|true|
ADD_BADGE|/Application|identification_0_mnzzeew8r2|01/01/2021|true|
ADD_BADGE|/Application|identification_0_vrs7r7jmap|01/01/2021|true|
ADD_BADGE|/Application|identification_0_mzm3eyfh7k|01/01/2021|true|
ADD_BADGE|/Application|identification_0_jrljjmgnzi|01/01/2021|false|
ADD_BADGE|/Application|identification_0_ti8lldsmio|01/01/2021|false|
ADD_BADGE|/Application|identification_0_d70iwy3ka7|01/01/2021|true|
ADD_BADGE|/Application|identification_0_a3c9q94xte|01/01/2021|false|
ADD_BADGE|/Application|identification_0_3wucub4hhf|01/01/2021|true|
ADD_BADGE|/Application|identification_0_npz5aiifxy|01/01/2021|false|
ADD_BADGE|/Application|identification_0_7ww6gqq7yk|01/01/2021|true|
ADD_BADGE|/Application|identification_0_i8wx0bm74o|01/01/2021|true|
ADD_BADGE|/Application|identification_0_ohyl5k5ygd|01/01/2021|false|
ADD_BADGE|/Application|identification_0_uumuekpeys|01/01/2021|false|
ADD_BADGE|/Application|identification_0_z0rue9xvqr|01/01/2021|false|
ADD_BADGE|/Application|identification_0_lb6zb74v7n|01/01/2021|false|
ADD_BADGE|/Application|identification_0_26zdih56by|01/01/2021|true|
ADD_BADGE|/Application|identification_0_694nwar2to|01/01/2021|true|
ADD_BADGE|/Application|identification_0_j0cz81p4ay|01/01/2021|true|
ADD_BADGE|/Application|identification_0_hs31p6gua2|01/01/2021|true|
ADD_BADGE|/Application|identification_0_q9zstj3kbp|01/01/2021|true|
ADD_BADGE|/Application|identification_0_93rb88q8iy|01/01/2021|true|
ADD_BADGE|/Application|identification_0_v12yfh59ps|01/01/2021|false|
