ADD_POINTER|/Application|name_0_u80g1aodv7|description_1_gs6m3bd0xs|identifier_2_y3k5c4osn|location_3_2se47tuouv|
ADD_POINTER|/Application|name_0_d0httnqqbm|description_1_6jpi48c5hp|identifier_2_l21po9ebk1|location_3_rgsnaddcf4|
ADD_POINTER|/Application|name_0_rfvynjzrz6|description_1_gbw0ir0pkr|identifier_2_llxldulbdp|location_3_3z8bt5umkq|
ADD_POINTER|/Application|name_0_jokzf7hi5c|description_1_mjumd76ovc|identifier_2_1nw1d6sscg|location_3_huwtm1u25z|
ADD_POINTER|/Application|name_0_17l4u4kexv|description_1_a840ywn8xi|identifier_2_9y3uluh748|location_3_y6t3pt1zll|
ADD_POINTER|/Application|name_0_bxo26cs2sd|description_1_484mv2q6h3|identifier_2_aqg9omtdzz|location_3_b3bprr51oy|
ADD_POINTER|/Application|name_0_v1muzxb8mm|description_1_aveoo7awbt|identifier_2_7p5gn99gxc|location_3_uhszlodjhk|
ADD_POINTER|/Application|name_0_a3amuih2yt|description_1_1sfdfmt2ls|identifier_2_ox0gcv4s23|location_3_8an0zl7m8m|
ADD_POINTER|/Application|name_0_f1thjvjn9h|description_1_i28901c88o|identifier_2_xdhr7vetfh|location_3_i2eocdphh3|
ADD_POINTER|/Application|name_0_ruxxhsh7xe|description_1_gt76p40rbl|identifier_2_7fvsnd7irl|location_3_xi51f30o7h|
ADD_POINTER|/Application|name_0_mcm9n8r0x0|description_1_1t1vcgf7xb|identifier_2_tkcaf7nrlg|location_3_1npsu29h9y|
ADD_POINTER|/Application|name_0_fl174apeba|description_1_5vhehovqh4|identifier_2_x75yaollxk|location_3_lkfgcald43|
ADD_POINTER|/Application|name_0_ksaj2l0um6|description_1_gtztddmd1m|identifier_2_3ab9iplw07|location_3_x83wzp22do|
ADD_POINTER|/Application|name_0_nyd30i62w6|description_1_posjxx31yj|identifier_2_1r3cmb3wyb|location_3_i89k1o3328|
ADD_POINTER|/Application|name_0_1xbttzjsuu|description_1_edz4t03j2x|identifier_2_85vcgrzd5h|location_3_4rjdm9qdn0|
ADD_POINTER|/Application|name_0_vfpl79k5sh|description_1_kejggdnglz|identifier_2_nsgp6lcqut|location_3_7lbxvrjh9u|
ADD_POINTER|/Application|name_0_fwtmllub11|description_1_e0pnh9q3t8|identifier_2_gflf4nydul|location_3_xbkomq7dk6|
ADD_POINTER|/Application|name_0_89z4esttyv|description_1_q58s9l2i4p|identifier_2_wum257bgge|location_3_i5ctegwvjl|
ADD_POINTER|/Application|name_0_iheqm2l7tz|description_1_h0imaqjxrs|identifier_2_577hdd1gqb|location_3_2clvzcr4wk|
ADD_POINTER|/Application|name_0_n1ifts6in1|description_1_j3zyedqhd5|identifier_2_3iqam4c7sk|location_3_gouc5as88z|
ADD_POINTER|/Application|name_0_fuq46z81o6|description_1_ff3oejh42y|identifier_2_txpl1otyex|location_3_4spaolou67|
ADD_POINTER|/Application|name_0_gysdy7z60c|description_1_cocvhdkotv|identifier_2_qsale5pqqm|location_3_wkwhcg5yd5|
ADD_POINTER|/Application|name_0_zkeyid6bv0|description_1_ngnhuqlm6g|identifier_2_bu296gylby|location_3_a9ovobv8b4|
ADD_POINTER|/Application|name_0_s7957nkt7w|description_1_d59wg8e7q9|identifier_2_cf8meewm5t|location_3_a8tfmdsxe4|
ADD_POINTER|/Application|name_0_yx72x8lbt8|description_1_nw8y0928ar|identifier_2_ktuj5oiwgn|location_3_4klehqj0l|
ADD_POINTER|/Application|name_0_cgz35bvzcn|description_1_4brr6ct8t8|identifier_2_9brc8mo4u8|location_3_8xamprs6xr|
ADD_POINTER|/Application|name_0_isl5rrh9py|description_1_55bgje225v|identifier_2_9oaluwt2ot|location_3_kpggbtad6y|
ADD_POINTER|/Application|name_0_kxqrt2qywq|description_1_8hudvpg8g8|identifier_2_tfyobls4uy|location_3_t6t18xhlmb|
ADD_POINTER|/Application|name_0_mcoe9vp41b|description_1_7i90gvfyas|identifier_2_dzwh5j7i9v|location_3_nw7wqb30va|
ADD_POINTER|/Application|name_0_mifxyiubkj|description_1_8ubo7mpb6s|identifier_2_3ekt5s04ht|location_3_tjxzic6wu6|
ADD_POINTER|/Application|name_0_6fqe55woxl|description_1_sq8s8crdz0|identifier_2_v7k010ngbb|location_3_xa3848iadi|
ADD_POINTER|/Application|name_0_5r07m282xu|description_1_3igq99wi96|identifier_2_wvrd5drfh4|location_3_s1uaqll804|
ADD_POINTER|/Application|name_0_by08piqe32|description_1_l37zf4yfy|identifier_2_54ybtbgh6g|location_3_ozao1vy8qo|
ADD_POINTER|/Application|name_0_tdkuz2nuqb|description_1_fl8l7rajpc|identifier_2_3q39dasff5|location_3_lic4c5zw6l|
ADD_POINTER|/Application|name_0_jjjrt84ec8|description_1_wrxn1ijv3b|identifier_2_1e5lypqkup|location_3_yn7rxfertr|
ADD_POINTER|/Application|name_0_362r7sacbt|description_1_ecwob61doz|identifier_2_x2twqdy1ir|location_3_kb3mqwkgtd|
ADD_POINTER|/Application|name_0_4hqwgh72ln|description_1_xnjynalyrl|identifier_2_36dloa1i5a|location_3_zje540t2ep|
ADD_POINTER|/Application|name_0_z4zv259ulq|description_1_40coo8dbsm|identifier_2_q6s0gdzkyz|location_3_k04ire4i8d|
ADD_POINTER|/Application|name_0_8tkyt7m4kx|description_1_jvaqbqsfs1|identifier_2_gvw1vedd4o|location_3_akayjd8y16|
ADD_POINTER|/Application|name_0_dz1hr7bmlo|description_1_jwstsshqoy|identifier_2_k53qlcrz37|location_3_xfocpbn3ca|
ADD_POINTER|/Application|name_0_jt71yevs4y|description_1_9b2818r0kr|identifier_2_b31jixktj|location_3_qjcktyzmu6|
ADD_POINTER|/Application|name_0_iazv2s0ikf|description_1_5djkhy8ex5|identifier_2_r8ag310lzq|location_3_9nwsqzrdt6|
ADD_POINTER|/Application|name_0_7zf8vu4yps|description_1_d3c4mf840w|identifier_2_oe5aflujog|location_3_14zival8e9|
ADD_POINTER|/Application|name_0_cdiynjwrxk|description_1_e0x37wpfwh|identifier_2_hna8mrm4uu|location_3_uci4aanrji|
ADD_POINTER|/Application|name_0_37f0obcn4p|description_1_c4qsgmueo1|identifier_2_qgt7djmrwi|location_3_14h1hrqa0e|
ADD_POINTER|/Application|name_0_lma407jlh0|description_1_swjucux28m|identifier_2_9k55iwd2ma|location_3_m3bmomelq0|
ADD_POINTER|/Application|name_0_elmtxuxjyj|description_1_lmv8ma49w0|identifier_2_c4o8zlriym|location_3_m9g6rw5bkd|
ADD_POINTER|/Application|name_0_w4wcolwft5|description_1_uul2yujxqb|identifier_2_a4c8jj2y26|location_3_fpje6s8gt6|
ADD_POINTER|/Application|name_0_jscx3t6a1g|description_1_o5zrj5rj60|identifier_2_7ox47l1k2v|location_3_u81y4gyhgd|
ADD_POINTER|/Application|name_0_3flm3dyoqi|description_1_qjx1bbwbpo|identifier_2_ci7p5ul3sc|location_3_8onoi3tl0z|
ADD_POINTER|/Application|name_0_qpv48zcp4v|description_1_f41fwk5lyd|identifier_2_16ioiahpts|location_3_ubj58hy859|
ADD_POINTER|/Application|name_0_bb06fbw0qt|description_1_k5458emvb2|identifier_2_vzzjk319pi|location_3_wcpfhmgrcc|
ADD_POINTER|/Application|name_0_fecyxq4n7y|description_1_n11ymfb38b|identifier_2_ag9k6jp19n|location_3_n9m58cqzhk|
ADD_POINTER|/Application|name_0_dn8kjhehyb|description_1_svpbsnvv1d|identifier_2_ry40h00ovs|location_3_8cmnblsjj5|
ADD_POINTER|/Application|name_0_z2ka3dbvx0|description_1_u3vxvum03p|identifier_2_e2z9oqh748|location_3_mihzxhv0ka|
ADD_POINTER|/Application|name_0_11xxulyzjb|description_1_v7zitqokzw|identifier_2_cvxv0e2ngw|location_3_2xueen2zm0|
ADD_POINTER|/Application|name_0_twuht9h4ht|description_1_i89tbr0fnc|identifier_2_bid6k7rivw|location_3_wfc39dkc06|
ADD_POINTER|/Application|name_0_oibocwzgqv|description_1_4qqql1iwfm|identifier_2_2l0fpzgcw7|location_3_pyirklx6fm|
ADD_POINTER|/Application|name_0_493wc1usdv|description_1_xunx1rh8ur|identifier_2_920zmdw6zt|location_3_rfuhmpvc4y|
ADD_POINTER|/Application|name_0_7zgoftmhfp|description_1_pl5frfdmow|identifier_2_nekkpa732p|location_3_6quqkvcdm6|
ADD_POINTER|/Application|name_0_eylhtchp6r|description_1_wgi9z7l77f|identifier_2_c07zrk71qp|location_3_e2jv2nyw16|
ADD_POINTER|/Application|name_0_4yklxm6ix9|description_1_xwptjrtzp|identifier_2_djhm2drts5|location_3_tm2c75swac|
ADD_POINTER|/Application|name_0_n2sk49k3ny|description_1_k313j4hrlj|identifier_2_alwjmmh92p|location_3_2hpbhy5v7v|
ADD_POINTER|/Application|name_0_dgx4hux2pt|description_1_d5ia5piddw|identifier_2_fr5a21mi5i|location_3_51zan527pd|
ADD_POINTER|/Application|name_0_rtyfdugmar|description_1_rax4azw1az|identifier_2_cghq6y0q9k|location_3_z7a2n0lf73|
ADD_POINTER|/Application|name_0_1leibdzssk|description_1_mqtugyxb7f|identifier_2_abfd1xolfo|location_3_7epcb7h9ow|
ADD_POINTER|/Application|name_0_xjycvfs199|description_1_6kdihp5sx8|identifier_2_pa2wiavyqr|location_3_8oebe4cg8c|
ADD_POINTER|/Application|name_0_s57zt7faxl|description_1_cpsxqtv5rc|identifier_2_545lz0w4rp|location_3_cytrnqhrb|
ADD_POINTER|/Application|name_0_x06akftfdc|description_1_286srchxy4|identifier_2_jfuls5c2m5|location_3_lmnxpe3uio|
ADD_POINTER|/Application|name_0_lxpi3d190u|description_1_1o5g2mlsb4|identifier_2_rjeuv5lkv8|location_3_b2ae17tl49|
ADD_POINTER|/Application|name_0_bcyftym3zm|description_1_p1dpx1m9yp|identifier_2_ip59oxqi74|location_3_t4vnf2w5g7|
ADD_POINTER|/Application|name_0_vftyiqkbgq|description_1_4jhlmqlkyq|identifier_2_76ie3lb3ib|location_3_6gvrmt1qtf|
ADD_POINTER|/Application|name_0_qu71leqx1f|description_1_qo8dtal2lb|identifier_2_9gebptfinl|location_3_dbhb88wa79|
ADD_POINTER|/Application|name_0_10ya7800zw|description_1_swl66pullv|identifier_2_ijq2qxbnvy|location_3_a13gia3ct7|
ADD_POINTER|/Application|name_0_bc12j1ucs7|description_1_4q3t720wsn|identifier_2_otjyus1ypp|location_3_sjk7l35dfz|
ADD_POINTER|/Application|name_0_5a5o5j8o2o|description_1_uqhvvmw7g3|identifier_2_14t3axyg36|location_3_ei4ywhksan|
ADD_POINTER|/Application|name_0_rtq6olbgjn|description_1_da9hshnov8|identifier_2_j1q8ncxu9l|location_3_593w0c9pdp|
ADD_POINTER|/Application|name_0_28r395hxo7|description_1_sd65adpvus|identifier_2_ji6268y2u1|location_3_z1v2v4caxz|
ADD_POINTER|/Application|name_0_pogoyea8rx|description_1_jt20um8b84|identifier_2_bsw2t3lacq|location_3_xx19688n40|
ADD_POINTER|/Application|name_0_5u9xxlgub4|description_1_lh0jtimxyp|identifier_2_pn523ykt83|location_3_q5w2gqocqc|
ADD_POINTER|/Application|name_0_aj4qyjc5bz|description_1_h2d4wk5ln7|identifier_2_zm8v6qhhfp|location_3_zo5o1cs4ol|
ADD_POINTER|/Application|name_0_jwqf0yd1df|description_1_45b28a4yws|identifier_2_4jn4uhke6w|location_3_3reziqo4lv|
ADD_POINTER|/Application|name_0_5fabaqcxn9|description_1_8p38vzoern|identifier_2_ywkt2ssfvu|location_3_4pay4p29xq|
ADD_POINTER|/Application|name_0_c3w5hrm5zs|description_1_f8fu8s6b6d|identifier_2_x5nkd8vpak|location_3_jvbvfb37g9|
ADD_POINTER|/Application|name_0_asnrsmj0ym|description_1_kth1agpns7|identifier_2_iabwmxu658|location_3_y6g3i2tfmj|
ADD_POINTER|/Application|name_0_5ayzg49m6k|description_1_nu5wp2yqby|identifier_2_pabg08msvq|location_3_bxz5b1zf75|
ADD_POINTER|/Application|name_0_frrep2p3vg|description_1_k3xar21whc|identifier_2_6mu7xet1id|location_3_17llmrs9x3|
ADD_POINTER|/Application|name_0_5j5maaowz0|description_1_mqvhc9ux8d|identifier_2_m6jry5oqt8|location_3_o1b0ze0jxk|
ADD_POINTER|/Application|name_0_pxvm6siaaj|description_1_t18froczh0|identifier_2_gjydnxcicx|location_3_dji9es0s1j|
ADD_POINTER|/Application|name_0_3rir0q78xe|description_1_vowti37hpi|identifier_2_iqqcanit7n|location_3_x9dwjskx2e|
ADD_POINTER|/Application|name_0_xbq0pw5tb4|description_1_82yt3fk2yf|identifier_2_hvfo8xyz7b|location_3_l3yxvgbdtn|
ADD_POINTER|/Application|name_0_tfd9nc0i36|description_1_y3m64vxwn0|identifier_2_m7b1wpw3ji|location_3_83r65r84my|
ADD_POINTER|/Application|name_0_9mp1wwkdmg|description_1_ejbni5z2bs|identifier_2_bg1603kk1w|location_3_6esffi024x|
ADD_POINTER|/Application|name_0_53sh6cvde5|description_1_wf5e3h7vso|identifier_2_rbh9w64y6c|location_3_6gckxvhfan|
ADD_POINTER|/Application|name_0_dbpve9wi0s|description_1_he03f5uib3|identifier_2_6iwxafge5e|location_3_zdvejptpd8|
ADD_POINTER|/Application|name_0_1yaozkdame|description_1_o2sxt5irdu|identifier_2_v633ga2t9l|location_3_imx4idvu78|
ADD_POINTER|/Application|name_0_sgvk7mh7he|description_1_bnugqmoxaz|identifier_2_o8hg4vwwiz|location_3_h9i9b0tj45|
ADD_POINTER|/Application|name_0_8ggjwzaf4g|description_1_njx32bgm7d|identifier_2_zsyv6wui9u|location_3_84adehagsr|
ADD_POINTER|/Application|name_0_y1vni3fftx|description_1_dgmpepz75p|identifier_2_kg0ixf780m|location_3_gxvy3imxb8|
ADD_POINTER|/Application|name_0_rlptiy5b01|description_1_uhdgd2tb5g|identifier_2_5snwmxf54l|location_3_v6sshxnfew|
