ADD_RESOURCEACCESS|/Application|name_0_evp9ewahdx|location_1_8r3jdjwszo|description_2_8g42ksqbd1|
ADD_RESOURCEACCESS|/Application|name_0_cqrf2mnv9a|location_1_m36x4d6gb|description_2_spcuo4zk20|
ADD_RESOURCEACCESS|/Application|name_0_3cxbhujd0e|location_1_qn9btzcavn|description_2_tk6kgg40sy|
ADD_RESOURCEACCESS|/Application|name_0_5vw3qimj42|location_1_i5xqnekskr|description_2_vjqqk5lwhi|
ADD_RESOURCEACCESS|/Application|name_0_584q8delz1|location_1_l6e2zoty4m|description_2_35ei7by1fs|
ADD_RESOURCEACCESS|/Application|name_0_u4p0vxbbvs|location_1_ar1q43tgmu|description_2_fvj9sl8xxa|
ADD_RESOURCEACCESS|/Application|name_0_lpr16hum1m|location_1_tkuqh3vhvd|description_2_1iyvgfw55g|
ADD_RESOURCEACCESS|/Application|name_0_5u68zo68ol|location_1_pnjy8pe2cb|description_2_oc9wbp2af5|
ADD_RESOURCEACCESS|/Application|name_0_wxj9agh4bk|location_1_n189bao58s|description_2_cwuheoo02m|
ADD_RESOURCEACCESS|/Application|name_0_eym7n2wgb9|location_1_t2qen5a934|description_2_q8xyimsqyo|
ADD_RESOURCEACCESS|/Application|name_0_mt63mzwdms|location_1_skj1u5azgu|description_2_omham2lh82|
ADD_RESOURCEACCESS|/Application|name_0_dijg9grmh3|location_1_c4x1tefk1j|description_2_54c64w9emr|
ADD_RESOURCEACCESS|/Application|name_0_r1bhm43slo|location_1_bu2fcy281f|description_2_6tuoh1c46g|
ADD_RESOURCEACCESS|/Application|name_0_q21ifd8a8g|location_1_g9b8z69imp|description_2_wmragif8o9|
ADD_RESOURCEACCESS|/Application|name_0_puonekkghn|location_1_162nec09no|description_2_lwuynrw09u|
ADD_RESOURCEACCESS|/Application|name_0_wu1wny48k0|location_1_u9t5w5ixgz|description_2_od86g1zuxc|
ADD_RESOURCEACCESS|/Application|name_0_nmyx3hl60f|location_1_bv41m7x3ao|description_2_zpffac2519|
ADD_RESOURCEACCESS|/Application|name_0_62j8iq9th8|location_1_wfk1qt0yc4|description_2_zk34aj65q5|
ADD_RESOURCEACCESS|/Application|name_0_6jn9fzgjjh|location_1_xx28f991dl|description_2_xncso7am5z|
ADD_RESOURCEACCESS|/Application|name_0_h2ttklp5jw|location_1_tih6ic7qn4|description_2_jk0eo3nh4e|
ADD_RESOURCEACCESS|/Application|name_0_pfns7gfp6y|location_1_ez5qk2rbbu|description_2_ks0424vau2|
ADD_RESOURCEACCESS|/Application|name_0_x2jk1iokff|location_1_gnekreocct|description_2_1c23bk2eft|
ADD_RESOURCEACCESS|/Application|name_0_yk2wj50npq|location_1_g4x4vqrjk5|description_2_r8d1mtie6b|
ADD_RESOURCEACCESS|/Application|name_0_1iz7kbagqa|location_1_2mtuzbv34e|description_2_uc7k4uvu3q|
ADD_RESOURCEACCESS|/Application|name_0_cu2ksy8mgb|location_1_ahwvwhgxi8|description_2_7kq6zznpki|
ADD_RESOURCEACCESS|/Application|name_0_pnwab80wp1|location_1_scst4mbqqy|description_2_ehw8phoniv|
ADD_RESOURCEACCESS|/Application|name_0_r5pmu3zvyh|location_1_5senbpp2du|description_2_jtzzlbh0xw|
ADD_RESOURCEACCESS|/Application|name_0_j4ecaw43xh|location_1_rw01s3rg0l|description_2_m0o2jj5hc9|
ADD_RESOURCEACCESS|/Application|name_0_tuf5kcwl0r|location_1_dxmbq1a0ew|description_2_jiscqxlpkb|
ADD_RESOURCEACCESS|/Application|name_0_6zdoxdainc|location_1_k77gzekmqo|description_2_eljhuoqtcg|
ADD_RESOURCEACCESS|/Application|name_0_w8h74aanh4|location_1_rumd1e2zcc|description_2_5ifeu59m7n|
ADD_RESOURCEACCESS|/Application|name_0_kh2swnjswn|location_1_xs3bkqrfyp|description_2_ow7qgi2idj|
ADD_RESOURCEACCESS|/Application|name_0_fxcixnqtne|location_1_gsz1uv9ojn|description_2_brob06btc4|
ADD_RESOURCEACCESS|/Application|name_0_i8n69ee4uk|location_1_3nf7lzlyjt|description_2_7dg9p0ape1|
ADD_RESOURCEACCESS|/Application|name_0_ls8k2geaiz|location_1_xls2blc104|description_2_wor6xtbudp|
ADD_RESOURCEACCESS|/Application|name_0_ujza34j5cy|location_1_uyxgmyvs98|description_2_i8kfqthkw6|
ADD_RESOURCEACCESS|/Application|name_0_2tvppdapj7|location_1_55oq02f945|description_2_69o9t9l1fm|
ADD_RESOURCEACCESS|/Application|name_0_kgxmbi01xq|location_1_jvmszawerl|description_2_qchwzitb5d|
ADD_RESOURCEACCESS|/Application|name_0_q64i6cse4c|location_1_pcfmsd1jq8|description_2_nvmv20dl6q|
ADD_RESOURCEACCESS|/Application|name_0_w66vfefm03|location_1_et03zstri6|description_2_uq6t7pqw14|
ADD_RESOURCEACCESS|/Application|name_0_r4s2ca65mr|location_1_n8itoaojih|description_2_724myso1hg|
ADD_RESOURCEACCESS|/Application|name_0_3xwxfugqnf|location_1_8r9szwug3l|description_2_8q2s0iflnw|
ADD_RESOURCEACCESS|/Application|name_0_ei9jylba1p|location_1_wdumlup0uq|description_2_2shq0820ho|
ADD_RESOURCEACCESS|/Application|name_0_yyrf1iyh0h|location_1_g75iwqd5oq|description_2_xjk9vh9ceh|
ADD_RESOURCEACCESS|/Application|name_0_tza29k12w5|location_1_kq3s9dygya|description_2_cw36k53wq8|
ADD_RESOURCEACCESS|/Application|name_0_izt27jv7kg|location_1_lr3jp1x0lu|description_2_b1655dntns|
ADD_RESOURCEACCESS|/Application|name_0_p0k4e5pe6g|location_1_gj5acipsl4|description_2_4cqidapxcz|
ADD_RESOURCEACCESS|/Application|name_0_czeatq3y40|location_1_85lhlchpqp|description_2_b8frqq0dbx|
ADD_RESOURCEACCESS|/Application|name_0_xq9gykz1zm|location_1_2ifvubxigy|description_2_c9v8emhvut|
ADD_RESOURCEACCESS|/Application|name_0_12wc2h0z4q|location_1_3xpa8nqlv2|description_2_bywmgpkxso|
ADD_RESOURCEACCESS|/Application|name_0_4s1hbyhy5|location_1_ytzn6t1wcs|description_2_kmw2apz3yd|
ADD_RESOURCEACCESS|/Application|name_0_9rvq2j848z|location_1_h1knrr2ce2|description_2_czaosjzaxt|
ADD_RESOURCEACCESS|/Application|name_0_8msq6bbfyk|location_1_cgdmg83kgb|description_2_gmjif4l84f|
ADD_RESOURCEACCESS|/Application|name_0_y1gvtxgdry|location_1_ar4512hu9b|description_2_mhyfii9ogh|
ADD_RESOURCEACCESS|/Application|name_0_izmygnudxo|location_1_9vlz39hwjq|description_2_ri5jz67s5a|
ADD_RESOURCEACCESS|/Application|name_0_80o92ijaec|location_1_ssjj7tn7s|description_2_6ijdizdp9v|
ADD_RESOURCEACCESS|/Application|name_0_8bi87l9mkb|location_1_bk6oxz5nrv|description_2_zaem9tt50y|
ADD_RESOURCEACCESS|/Application|name_0_h6tpk05vev|location_1_j9ahxmsu9f|description_2_sl02enpfc4|
ADD_RESOURCEACCESS|/Application|name_0_siyv1vvjfu|location_1_jjkcm6nwqi|description_2_6i6p3tr8x3|
ADD_RESOURCEACCESS|/Application|name_0_de132gvw1c|location_1_ctzifs40ga|description_2_t7lqur3qt8|
ADD_RESOURCEACCESS|/Application|name_0_s1za8om89h|location_1_ink8z3p1gg|description_2_wmfnnlbkx5|
ADD_RESOURCEACCESS|/Application|name_0_ii0svq4bvm|location_1_no4xhsf642|description_2_5s70vljanq|
ADD_RESOURCEACCESS|/Application|name_0_kl6vouf7cn|location_1_9usm5gt0v8|description_2_9i10uvr3lo|
ADD_RESOURCEACCESS|/Application|name_0_u7dy4nmdtr|location_1_j0inox0fdn|description_2_9xg4dapaqm|
ADD_RESOURCEACCESS|/Application|name_0_1uv1l340xg|location_1_pxu8fl6je2|description_2_q4v4pm84ci|
ADD_RESOURCEACCESS|/Application|name_0_6wo84gxbw7|location_1_pjy5co2k1u|description_2_xv1ges0yh|
ADD_RESOURCEACCESS|/Application|name_0_3d7akbdepr|location_1_qkx1fl2hzq|description_2_4jaw7bdgdr|
ADD_RESOURCEACCESS|/Application|name_0_3xn4s2w2dl|location_1_hie7dqjbdn|description_2_w7cz3w8p8e|
ADD_RESOURCEACCESS|/Application|name_0_jxf42tfv3x|location_1_zd1q68gm0y|description_2_b8nnd8c6t2|
ADD_RESOURCEACCESS|/Application|name_0_jtnpcj6tco|location_1_x4ruvlj9r2|description_2_11uoitx0q5|
ADD_RESOURCEACCESS|/Application|name_0_2gnhnbrcdg|location_1_jz80gc4w15|description_2_a51kq5idc|
ADD_RESOURCEACCESS|/Application|name_0_ogsu1kh0tv|location_1_tjzcwyb4je|description_2_n5463w5ln3|
ADD_RESOURCEACCESS|/Application|name_0_7689ux2144|location_1_u4g2fyzy5z|description_2_ung46aou2z|
ADD_RESOURCEACCESS|/Application|name_0_glvasupln3|location_1_80oujijtir|description_2_6zor74qysj|
ADD_RESOURCEACCESS|/Application|name_0_cynmhmvnp0|location_1_giwlav6b2u|description_2_jbarxeptw1|
ADD_RESOURCEACCESS|/Application|name_0_xib0in4upp|location_1_raxp5jui35|description_2_vato6hk5s0|
ADD_RESOURCEACCESS|/Application|name_0_pa8y713c5m|location_1_njleubmjh0|description_2_8b8bn6ht6f|
ADD_RESOURCEACCESS|/Application|name_0_b3xh6hwtri|location_1_1ikoo1gbk1|description_2_tf86n57chc|
ADD_RESOURCEACCESS|/Application|name_0_d4m11lskkf|location_1_sextavrkt6|description_2_lvlml0c6oc|
ADD_RESOURCEACCESS|/Application|name_0_afr85ijfz4|location_1_cpndv74a3a|description_2_i7gdpno33h|
ADD_RESOURCEACCESS|/Application|name_0_pxcwmdzxth|location_1_ehgqar5bsi|description_2_5t0noyery2|
ADD_RESOURCEACCESS|/Application|name_0_mo3chtpegr|location_1_jzwp4owl5r|description_2_3hndb1pvps|
ADD_RESOURCEACCESS|/Application|name_0_qa7z3cz0oy|location_1_p8m45nnjdh|description_2_da5tk905si|
ADD_RESOURCEACCESS|/Application|name_0_wuefhyijwn|location_1_sc12jvy3w7|description_2_jwiixmgr98|
ADD_RESOURCEACCESS|/Application|name_0_m3uyqsiydj|location_1_51mb157v5j|description_2_9i9lxmqr8x|
ADD_RESOURCEACCESS|/Application|name_0_s56e793hjt|location_1_uipvisphn1|description_2_8sq2aw99s0|
ADD_RESOURCEACCESS|/Application|name_0_ro0tygc0mc|location_1_n6ahmfby40|description_2_1w1csfd1wt|
ADD_RESOURCEACCESS|/Application|name_0_yhfgt3z2oh|location_1_7m0azyyxvv|description_2_w6am4ftb97|
ADD_RESOURCEACCESS|/Application|name_0_kupncrdhu1|location_1_ysypzgbj1w|description_2_fw9lnu6k4b|
ADD_RESOURCEACCESS|/Application|name_0_m2mk2gihr1|location_1_lpsnlg3f5v|description_2_dotfo9qql|
ADD_RESOURCEACCESS|/Application|name_0_z9nl7y5vsa|location_1_l0f6s9j8rg|description_2_yuw7ne034s|
ADD_RESOURCEACCESS|/Application|name_0_ennh0k9e0h|location_1_7bfwodf6x9|description_2_30mqgcrstw|
ADD_RESOURCEACCESS|/Application|name_0_g80a2qs0b1|location_1_ngvsrnlas3|description_2_oq2vg9d4t3|
ADD_RESOURCEACCESS|/Application|name_0_oz3g8ikurk|location_1_lnnmbk9xzq|description_2_9p1gd5nd8q|
ADD_RESOURCEACCESS|/Application|name_0_6dqlf92a9q|location_1_oci2hpc0gf|description_2_i5gez4gyqd|
ADD_RESOURCEACCESS|/Application|name_0_n1qqub0zlh|location_1_hp6y7dxbmn|description_2_5lr06mhpzm|
ADD_RESOURCEACCESS|/Application|name_0_ay5plqhww7|location_1_7xhqxui9z9|description_2_r9iwrr7vwp|
ADD_RESOURCEACCESS|/Application|name_0_kyusraheeu|location_1_sxmevripa1|description_2_3m9zalnyhk|
ADD_RESOURCEACCESS|/Application|name_0_w9h5bd8bc6|location_1_gl1ensjvzy|description_2_4dq9lbaqfj|
ADD_RESOURCEACCESS|/Application|name_0_3tn05f1gyc|location_1_66pnli41ze|description_2_clbx07zzr9|
