ADD_CARDREQUEST|/Application|description_0_wgs4lrectv|01/01/2021|
ADD_CARDREQUEST|/Application|description_0_22ufztovn4|01/01/2021|
ADD_CARDREQUEST|/Application|description_0_a9i670gq3b|01/01/2021|
ADD_CARDREQUEST|/Application|description_0_303vi8q34b|01/01/2021|
ADD_CARDREQUEST|/Application|description_0_72280lu3bh|01/01/2021|
ADD_CARDREQUEST|/Application|description_0_qwyzb6xto3|01/01/2021|
ADD_CARDREQUEST|/Application|description_0_5e2cx4fgzi|01/01/2021|
ADD_CARDREQUEST|/Application|description_0_fixoxd49t2|01/01/2021|
ADD_CARDREQUEST|/Application|description_0_8tsb57k6t8|01/01/2021|
ADD_CARDREQUEST|/Application|description_0_ld1s87vcy2|01/01/2021|
ADD_CARDREQUEST|/Application|description_0_4cgv5lj26f|01/01/2021|
ADD_CARDREQUEST|/Application|description_0_80cyntufth|01/01/2021|
ADD_CARDREQUEST|/Application|description_0_s9dozrz50t|01/01/2021|
ADD_CARDREQUEST|/Application|description_0_pkg8mtdbwk|01/01/2021|
ADD_CARDREQUEST|/Application|description_0_a6ksw500ec|01/01/2021|
ADD_CARDREQUEST|/Application|description_0_yiigl17b8y|01/01/2021|
ADD_CARDREQUEST|/Application|description_0_wcc56klt0p|01/01/2021|
ADD_CARDREQUEST|/Application|description_0_w86z4x316u|01/01/2021|
ADD_CARDREQUEST|/Application|description_0_67uj5neajt|01/01/2021|
ADD_CARDREQUEST|/Application|description_0_ccpm59pr18|01/01/2021|
ADD_CARDREQUEST|/Application|description_0_y0r0s3l8k0|01/01/2021|
ADD_CARDREQUEST|/Application|description_0_22mblt7c72|01/01/2021|
ADD_CARDREQUEST|/Application|description_0_bwxf483ibx|01/01/2021|
ADD_CARDREQUEST|/Application|description_0_l6awyp9l0n|01/01/2021|
ADD_CARDREQUEST|/Application|description_0_pp7k92cy4l|01/01/2021|
ADD_CARDREQUEST|/Application|description_0_b68qmuvmlq|01/01/2021|
ADD_CARDREQUEST|/Application|description_0_x1k11d4j04|01/01/2021|
ADD_CARDREQUEST|/Application|description_0_mb2cpxbyp5|01/01/2021|
ADD_CARDREQUEST|/Application|description_0_vsexy6zyzd|01/01/2021|
ADD_CARDREQUEST|/Application|description_0_96t0qmggnh|01/01/2021|
ADD_CARDREQUEST|/Application|description_0_b45l0lvhhn|01/01/2021|
ADD_CARDREQUEST|/Application|description_0_1aekr1qqz4|01/01/2021|
ADD_CARDREQUEST|/Application|description_0_jtspzcaohg|01/01/2021|
ADD_CARDREQUEST|/Application|description_0_7ziom7htxz|01/01/2021|
ADD_CARDREQUEST|/Application|description_0_yjkn6zxpfz|01/01/2021|
ADD_CARDREQUEST|/Application|description_0_n6wdn5baky|01/01/2021|
ADD_CARDREQUEST|/Application|description_0_ilzr5jv9gz|01/01/2021|
ADD_CARDREQUEST|/Application|description_0_43pk3zwla7|01/01/2021|
ADD_CARDREQUEST|/Application|description_0_nc9jst8ewb|01/01/2021|
ADD_CARDREQUEST|/Application|description_0_xp6x6paek4|01/01/2021|
ADD_CARDREQUEST|/Application|description_0_t8guuwhihk|01/01/2021|
ADD_CARDREQUEST|/Application|description_0_nednuaimdb|01/01/2021|
ADD_CARDREQUEST|/Application|description_0_rcupx3k26g|01/01/2021|
ADD_CARDREQUEST|/Application|description_0_yf2ohnn6vc|01/01/2021|
ADD_CARDREQUEST|/Application|description_0_vxi6b64wq2|01/01/2021|
ADD_CARDREQUEST|/Application|description_0_qz0d847jsw|01/01/2021|
ADD_CARDREQUEST|/Application|description_0_so8u01vwcq|01/01/2021|
ADD_CARDREQUEST|/Application|description_0_i97s4o5tz0|01/01/2021|
ADD_CARDREQUEST|/Application|description_0_wrtw5p4q1c|01/01/2021|
ADD_CARDREQUEST|/Application|description_0_mlrbj3n3so|01/01/2021|
ADD_CARDREQUEST|/Application|description_0_coj73qcnfe|01/01/2021|
ADD_CARDREQUEST|/Application|description_0_o8hd5b0dv0|01/01/2021|
ADD_CARDREQUEST|/Application|description_0_8t9qza371w|01/01/2021|
ADD_CARDREQUEST|/Application|description_0_s4n1foppj0|01/01/2021|
ADD_CARDREQUEST|/Application|description_0_a4blo9wo45|01/01/2021|
ADD_CARDREQUEST|/Application|description_0_7bxrzlgn3j|01/01/2021|
ADD_CARDREQUEST|/Application|description_0_52sxo52h8c|01/01/2021|
ADD_CARDREQUEST|/Application|description_0_5nra5xa3ox|01/01/2021|
ADD_CARDREQUEST|/Application|description_0_weoe0x4qis|01/01/2021|
ADD_CARDREQUEST|/Application|description_0_k1kuz9bujh|01/01/2021|
ADD_CARDREQUEST|/Application|description_0_2ysi830hw3|01/01/2021|
ADD_CARDREQUEST|/Application|description_0_v3g6q5pijy|01/01/2021|
ADD_CARDREQUEST|/Application|description_0_qutrzk554g|01/01/2021|
ADD_CARDREQUEST|/Application|description_0_o73jnqmj8v|01/01/2021|
ADD_CARDREQUEST|/Application|description_0_b8klpfteis|01/01/2021|
ADD_CARDREQUEST|/Application|description_0_4vbanew80w|01/01/2021|
ADD_CARDREQUEST|/Application|description_0_lsdlxk09ef|01/01/2021|
ADD_CARDREQUEST|/Application|description_0_2qv0mux61p|01/01/2021|
ADD_CARDREQUEST|/Application|description_0_61ht2u7pfb|01/01/2021|
ADD_CARDREQUEST|/Application|description_0_9kn59anmfw|01/01/2021|
ADD_CARDREQUEST|/Application|description_0_uo3eru3pwl|01/01/2021|
ADD_CARDREQUEST|/Application|description_0_vt2lrruei5|01/01/2021|
ADD_CARDREQUEST|/Application|description_0_m3ku4i2hv1|01/01/2021|
ADD_CARDREQUEST|/Application|description_0_2p1eba29au|01/01/2021|
ADD_CARDREQUEST|/Application|description_0_svem8izfz1|01/01/2021|
ADD_CARDREQUEST|/Application|description_0_chip2zw4cy|01/01/2021|
ADD_CARDREQUEST|/Application|description_0_3ictys9f8j|01/01/2021|
ADD_CARDREQUEST|/Application|description_0_4au5txw3bc|01/01/2021|
ADD_CARDREQUEST|/Application|description_0_5ghnip2e7p|01/01/2021|
ADD_CARDREQUEST|/Application|description_0_zwqdew9y0y|01/01/2021|
ADD_CARDREQUEST|/Application|description_0_4eww2fudil|01/01/2021|
ADD_CARDREQUEST|/Application|description_0_kxity7wj6g|01/01/2021|
ADD_CARDREQUEST|/Application|description_0_ofji4eyuqh|01/01/2021|
ADD_CARDREQUEST|/Application|description_0_4wrm0xktsi|01/01/2021|
ADD_CARDREQUEST|/Application|description_0_ymhs1l0qku|01/01/2021|
ADD_CARDREQUEST|/Application|description_0_37h7r691ul|01/01/2021|
ADD_CARDREQUEST|/Application|description_0_r1k51kq4bx|01/01/2021|
ADD_CARDREQUEST|/Application|description_0_gsw12gmrll|01/01/2021|
ADD_CARDREQUEST|/Application|description_0_howqzjznx5|01/01/2021|
ADD_CARDREQUEST|/Application|description_0_brhf904dml|01/01/2021|
ADD_CARDREQUEST|/Application|description_0_kxcyld4llx|01/01/2021|
ADD_CARDREQUEST|/Application|description_0_cs8zz7by9z|01/01/2021|
ADD_CARDREQUEST|/Application|description_0_wh1i1l2004|01/01/2021|
ADD_CARDREQUEST|/Application|description_0_jxofwxssgl|01/01/2021|
ADD_CARDREQUEST|/Application|description_0_4nyxw0i0d6|01/01/2021|
ADD_CARDREQUEST|/Application|description_0_adtzvy6ufi|01/01/2021|
ADD_CARDREQUEST|/Application|description_0_cd5yql1mh3|01/01/2021|
ADD_CARDREQUEST|/Application|description_0_v8hvsirmgs|01/01/2021|
ADD_CARDREQUEST|/Application|description_0_4vk6vypfuk|01/01/2021|
ADD_CARDREQUEST|/Application|description_0_b5k99udpp5|01/01/2021|
